method,afri_only,afri_only,least_family_en_10,least_family_en_10,least_family_en_20,least_family_en_20,least_family_en_5,least_family_en_5,least_same_script_10,least_same_script_10,least_same_script_20,least_same_script_20,least_same_script_5,least_same_script_5,least_uriel_en_10,least_uriel_en_10,least_uriel_en_20,least_uriel_en_20,least_uriel_en_40,least_uriel_en_40,least_uriel_en_5,least_uriel_en_5,most_distinct_script_10,most_distinct_script_10,most_distinct_script_18,most_distinct_script_18,most_distinct_script_5,most_distinct_script_5,most_family_en_10,most_family_en_10,most_family_en_20,most_family_en_20,most_family_en_25,most_family_en_25,most_family_en_5,most_family_en_5,most_same_script_10,most_same_script_10,most_same_script_20,most_same_script_20,most_same_script_41,most_same_script_41,most_same_script_5,most_same_script_5,most_uriel_en_10,most_uriel_en_10,most_uriel_en_20,most_uriel_en_20,most_uriel_en_40,most_uriel_en_40,most_uriel_en_5,most_uriel_en_5,random_langs_with_seed_10,random_langs_with_seed_10,random_langs_with_seed_20,random_langs_with_seed_20,random_langs_with_seed_40,random_langs_with_seed_40,random_langs_with_seed_5,random_langs_with_seed_5,xt_afri,xt_afri,xt_only,xt_only
,mean,std,mean,std,mean,std,mean,std,mean,std,mean,std,mean,std,mean,std,mean,std,mean,std,mean,std,mean,std,mean,std,mean,std,mean,std,mean,std,mean,std,mean,std,mean,std,mean,std,mean,std,mean,std,mean,std,mean,std,mean,std,mean,std,mean,std,mean,std,mean,std,mean,std,mean,std,mean,std
language,,,,,,,,,,,,,,,,,,,,,,,,,,,,,,,,,,,,,,,,,,,,,,,,,,,,,,,,,,,,,,,,
amh,0.36166666666666664,0.009999999999999946,0.3544444444444444,0.006735753140545687,0.35333333333333333,0.0016666666666666496,0.35583333333333333,0.0011785113019776065,0.3533333333333333,,0.35416666666666663,0.0011785113019776065,0.355,0.002357022603955213,0.3525,0.001178511301977528,0.34888888888888886,0.01071516751221443,0.35333333333333333,0.0023570226039551345,0.35416666666666663,0.0011785113019776065,0.355,0.0016666666666667052,0.3527777777777777,0.002545875386086576,0.3561111111111111,0.004194352464039285,0.35777777777777775,0.002545875386086576,0.35333333333333333,0.0016666666666666496,0.35555555555555557,0.003469443332443526,0.35416666666666663,0.0011785113019776065,0.35416666666666663,0.0011785113019776065,0.35333333333333333,0.0016666666666666566,0.35388888888888886,0.002545875386086582,0.3522222222222222,0.002545875386086576,0.35333333333333333,0.0023570226039551345,0.35416666666666663,0.0011785113019776065,0.35416666666666663,0.0011785113019776065,0.35666666666666663,0.0016666666666666566,0.3505555555555555,0.002545875386086576,0.3516666666666666,0.0016666666666666496,0.3527777777777777,0.002545875386086576,0.3525,0.001178511301977528,0.3544444444444444,0.006735753140545687,0.355,0.002357022603955213
ar,0.6471723220226214,0.004526730191130833,0.6553559547571524,0.007606684906426013,0.6419827012641384,0.007258263775286412,0.648502994011976,0.0033873378739475834,0.6510312707917498,0.004301076875287823,0.6502328675981371,0.00692109352522073,0.6595475715236194,0.0020092706414560077,0.6504324683965402,0.004155021955022202,0.6314038589487692,0.002908515368515525,0.6455089820359281,0.006090277965026883,0.6536260811709913,0.004906824768460969,0.6439787092481702,0.0037731062884252264,0.641583499667332,0.006633036157746925,0.6500332667997338,0.005525494264003875,0.6465069860279441,0.005890760304740007,0.6410512308715902,0.0005023176603639284,0.6458416500332668,0.005840952828659636,0.6400532268795742,0.003395169879487153,0.637857618097139,0.004464697024566241,0.6500998003992016,0.006251680544257868,0.6463073852295409,0.0015069529810919453,0.6433799068529608,0.002527401186057524,0.6429807052561544,0.0047959604234039,0.6509647371922821,0.003208133985692964,0.6425149700598802,0.0015589320710393114,0.6415169660678642,0.0033578051579361825,0.6503659347970725,0.004207428277781087,0.6431803060545576,0.0049873579060306416,0.6516300731869594,0.004092222039835499,0.6475715236194278,0.005593572736389578,0.6553559547571524,0.007606684906426013,0.6430472388556221,0.006627027064418246
avg,0.5497955131403859,0.002700630347361979,0.5542995259481037,0.002167227482902885,0.5311810753493015,0.0034483257460397676,0.5279661510312709,0.0016828229167209106,0.5333370758483034,0.0034021023997119356,0.5606220891550233,0.0017881319145901541,0.5309352129075182,0.0058513506967719986,0.5310049692282103,0.0018481577052406868,0.533428871423819,0.0008298472168361941,0.538208894710579,0.003300045619956731,0.5333366600133067,0.002323200673786137,0.5241257069194943,0.0017844893184993922,0.5272719145043248,0.001399782121120344,0.5284988356620092,0.002013344027224411,0.5402863023952095,0.0011801466025858787,0.5394488107119094,0.0035775433829091036,0.5430744760479042,0.0022339406066622003,0.542167747837658,0.003591223698435561,0.5493383025615436,0.0015634531521119784,0.540281000499002,0.0007964386975011099,0.5624883566200932,0.0015087491863753904,0.5398052852628078,0.003187048011859186,0.545024118429807,0.0036119809605492984,0.5509274160013308,0.003925150183486202,0.5602952428476381,0.0024425454083348607,0.540791126081171,0.002774916354830155,0.5462492722887559,0.009564741938403534,0.5499997920825016,0.008201752274429142,0.5545235570525615,0.0029122743871323677,0.5468537924151696,0.007990824215128499,0.5542995259481037,0.002167227482902885,0.5359241932801064,0.002399861974526283
bg,0.6721224218230205,0.0026050262076448938,0.6872920825016634,0.0035500523145586215,0.6832335329341318,0.006433836910693097,0.6806387225548902,0.0032858438389529337,0.681437125748503,0.0052354798597221384,0.68416500332668,0.004553057115349419,0.6855289421157684,0.0007056953904057155,0.6895542248835662,0.0066119804384855655,0.6886227544910181,0.00441384119510899,0.6834331337325349,0.006670968050725928,0.6861610113107118,0.0013586545480147876,0.6813705921490353,0.002048543488801129,0.6775781769793746,0.007244528324053786,0.6801729873586161,0.00369306429444518,0.6842315369261477,0.003896052154878861,0.6843646041250832,0.0027967863681947866,0.6854291417165669,0.005235479859722184,0.6858283433133733,0.0014113907808115094,0.6826347305389221,0.0031685644443887623,0.6842980705256153,0.004464697024566241,0.6801064537591484,0.001099315478500249,0.6795741849634065,0.004140614206919922,0.6790419161676646,0.0045120377466895505,0.6840319361277446,0.003212270846193803,0.6780439121756486,0.005931200781678057,0.6753160345974717,0.008783191160829583,0.6845642049234865,0.0036222641620269223,0.6781104457751165,0.006707695628012527,0.6815701929474384,0.002724630103718322,0.6779108449767133,0.0037038365029185955,0.6872920825016634,0.0035500523145586215,0.682900864936793,0.005175527206146218
de,0.6911510312707918,0.00499533981229427,0.7025948103792414,0.0027440573023687783,0.7038589487691285,0.009552380668487088,0.7079174983366601,0.007214218278653945,0.7073186959414505,0.007407673005837333,0.6942781104457753,0.014662622662740793,0.7103127079174983,0.0016256542545403654,0.7107784431137724,0.0034049345527409464,0.7091151031270791,0.0016739515136937595,0.7021956087824351,0.0023532587070961056,0.7021290751829673,0.006391382546119953,0.6999334664005322,0.0009846073577477574,0.698270126413839,0.0033240175640177868,0.7080505655355954,0.0010993154785001943,0.7001996007984033,0.007339232060219574,0.6980705256154357,0.0013586545480147542,0.7007984031936129,0.005620809517097281,0.697804391217565,0.006090277965026859,0.6867598137059215,0.0034706058165656106,0.7071856287425149,0.0024930131730133186,0.6964071856287425,0.004603817403062234,0.6932801064537591,0.003963638325643775,0.6910179640718562,0.0034972885165539596,0.6975382568196938,0.005962464857813522,0.6986693280106454,0.0019179687698469142,0.698270126413839,0.0023134183167949295,0.6988689288090485,0.009364943877531832,0.6941450432468397,0.00730749763247662,0.7039920159680638,0.0012465065865066127,0.6984031936127745,0.0014393418265325416,0.7025948103792414,0.0027440573023687783,0.7013972055888223,0.0011291126246492076
el,0.6597471723220226,0.0030028700190011556,0.660146373918829,0.006560563785271962,0.6662009314703926,0.0054015285415288635,0.6634065202927478,0.0029962289419022173,0.6677312042581504,0.0023813080729438952,0.6664670658682635,0.005178092523382327,0.6722554890219561,0.004124546570812764,0.6713905522288756,0.004991350454693553,0.6608782435129741,0.0001996007984031989,0.6606786427145709,0.004512037746689558,0.6692614770459082,0.008154370545235727,0.6546240851630073,0.005786128436792239,0.6558216899534265,0.008778653997637057,0.6660678642714571,0.007886126253548235,0.6686626746506986,0.004248262805148259,0.6637724550898203,0.0009879735465680173,0.6576180971390553,0.009799430283565861,0.6667332002661345,0.003435995032248896,0.6680638722554889,0.0015589320710392793,0.6630073186959414,0.0019179687698469316,0.6667997338656022,0.0018546054377599822,0.664870259481038,0.0028298297163189498,0.6660013306719893,0.004077592400810238,0.6644710578842316,0.005513463998775737,0.6630738522954092,0.007886126253548287,0.6632734530938124,0.0045208589432759036,0.6671989354624085,0.004383650408524052,0.6624085163007319,0.00252740118605755,0.6644710578842316,0.0014113907808115094,0.6649367930805057,0.0035500523145586215,0.660146373918829,0.006560563785271962,0.660146373918829,0.0007556764265868631
eng,0.815,0.0033333333333333964,0.8144444444444444,0.009179284245476824,0.8166666666666668,0.008819171036881984,0.815,0.010929064207169959,0.8172222222222222,0.01170628194761416,0.8133333333333334,0.007264831572567734,0.8005555555555556,0.01250925583244193,0.815,0.007071067811865442,0.815,0.008819171036881937,0.8105555555555556,0.012285191326386604,0.8172222222222222,0.010715167512214387,0.8075,0.0011785113019776065,0.8075,0.0011785113019776065,0.8172222222222222,0.004194352464039332,0.8125,0.005892556509887875,0.82,0.003333333333333341,0.8066666666666666,0.0092796072713833,0.8205555555555556,0.0063098981620002765,0.8183333333333334,0.003333333333333327,0.8205555555555556,0.013368010461684449,0.8161111111111111,0.009765775461803832,0.8127777777777778,0.008388704928078587,0.8122222222222222,0.01228519132638662,0.8122222222222222,0.005091750772173109,0.8044444444444444,0.007515416254704819,0.8155555555555556,0.012619796324000569,0.8133333333333334,0.013333333333333308,0.8183333333333334,0.012583057392117855,0.8158333333333334,0.00353553390593278,0.8127777777777778,0.005357583756107179,0.8144444444444444,0.009179284245476824,0.8088888888888889,0.00947706783846223
es,0.7294078509647371,0.004383650408524039,0.733666001330672,0.001625654254540324,0.7288755821689953,0.0025742571020829596,0.7304058549567531,0.003068490367957461,0.7347970725216234,0.000641626797138615,0.7316699933466401,0.0021155173779886407,0.7335994677312042,0.0010046353207279304,0.7394211576846308,0.0018348080150550014,0.735928143712575,0.004095465973789085,0.7325349301397206,0.002222660424283421,0.7390552228875582,0.00598913274276394,0.7385894876912841,0.0037145774723107952,0.735129740518962,0.0015589320710393255,0.7409846972721224,0.006120729544700936,0.7317365269461078,0.0025483324021563867,0.7328010645375915,0.0012986840516262805,0.7326014637391882,0.0023813080729438683,0.735129740518962,0.0009980039920159944,0.7307385229540918,0.003792415169660668,0.7322355289421159,0.0012702517027303978,0.7298070525615437,0.002922181138522696,0.7349301397205589,0.008249093141625481,0.7281437125748503,0.006289800900833824,0.734397870924817,0.0015113528531737655,0.7314038589487691,0.00276814957587681,0.7306054557551563,0.0012195810232750396,0.7339321357285429,0.0036696160301098067,0.7290086493679309,0.005090146493928169,0.7318695941450432,0.002198630957000416,0.7365934797072522,0.00351622362254794,0.733666001330672,0.001625654254540324,0.7308050565535597,0.002867127268984076
ewe,0.45388888888888895,0.02523959264800123,0.4772222222222222,0.009179284245476847,0.375,0.016414763002993486,0.37222222222222223,0.011097213530798972,0.36416666666666664,0.0011785113019776065,0.5183333333333333,0.007071067811865481,0.3855555555555555,0.01272937693043291,0.3788888888888889,0.0034694433324435224,0.37749999999999995,0.005892556509887875,0.38666666666666666,0.010408329997330665,0.3838888888888888,0.006309898162000322,0.37666666666666665,0.012583057392117921,0.36999999999999994,0.006666666666666647,0.3738888888888889,0.0069388866648871,0.39499999999999996,0.010408329997330715,0.3977777777777778,0.006309898162000322,0.39666666666666667,0.006666666666666647,0.4072222222222222,0.002545875386086546,0.4116666666666667,0.008819171036881984,0.40055555555555555,0.01018350154434635,0.5033333333333334,0.018929694486000886,0.4077777777777778,0.01917270436304155,0.39666666666666667,0.018559214542766735,0.37999999999999995,0.010408329997330679,0.49722222222222223,0.010844011831079494,0.40888888888888886,0.006938886664887128,0.3872222222222222,0.006735753140545627,0.47444444444444445,0.08221471437193749,0.5027777777777778,0.002545875386086576,0.41333333333333333,0.01424000624219585,0.4772222222222222,0.009179284245476847,0.3738888888888889,0.018282758524338166
fr,0.7296074517631403,0.0006097905116374653,0.7295409181636726,0.0021029249007690114,0.7266134397870925,0.001800099701725641,0.7296074517631403,0.0016256542545403205,0.7305389221556885,0.0036966585184535126,0.729940119760479,0.0021123762962590945,0.7315369261477046,0.008186066528706596,0.7308050565535597,0.003550052314558602,0.7302062541583499,0.003002870019001102,0.728476380572189,0.005183219348918752,0.7316699933466401,0.0032019186734573144,0.7303393213572854,0.0009980039920159944,0.7262807717897538,0.006136980735914936,0.7387225548902195,0.003212270846193863,0.7350632069194943,0.002313418316794856,0.7312707917498337,0.00801474465353456,0.7328675981370593,0.0024796600337437524,0.7288755821689953,0.00460525947589412,0.72375249500998,0.006795227357504658,0.7311377245508982,0.0008700397092895786,0.7301397205588822,0.002500990835557231,0.7232867598137059,0.0035946620516939557,0.726746506986028,0.0029806755535065773,0.7241516966067865,0.0023532587070961316,0.729940119760479,0.0035928143712574967,0.7218895542248837,0.0018546054377599885,0.7322022621423819,0.003693064294445207,0.723020625415835,0.00324517588775971,0.7270791749833666,0.0044468143210929486,0.7277445109780439,0.005563816313279928,0.7295409181636726,0.0021029249007690114,0.7264803725881569,0.0025274011860575234
fra,0.7461111111111111,0.006938886664887129,0.7441666666666666,0.005892556509887875,0.7316666666666668,0.00440958551844097,0.73,0.008333333333333304,0.7338888888888889,0.005091750772173049,0.7355555555555555,0.007876359377087711,0.7311111111111112,0.00509175077217317,0.7494444444444445,0.007515416254704829,0.7483333333333334,0.0033333333333333826,0.7377777777777778,0.011097213530798962,0.7366666666666667,0.01892969448600092,0.7327777777777778,0.005091750772173092,0.7422222222222222,0.006938886664887078,0.7438888888888888,0.014174834246858963,0.7544444444444444,0.014561491580090206,0.7377777777777778,0.008221471437193656,0.7444444444444445,0.0034694433324435328,0.7394444444444445,0.004194352464039291,0.7322222222222222,0.0138777733297742,0.745,0.017638342073763944,0.7383333333333333,0.004999999999999977,0.7316666666666668,0.0050000000000000044,0.7391666666666666,0.005892556509887875,0.7383333333333333,0.011785113019775868,0.7361111111111112,0.01336801046168434,0.7325,0.020034692133618838,0.7383333333333333,0.007071067811865481,0.7238888888888889,0.010844011831079492,0.7394444444444445,0.013977495139343439,0.7333333333333334,0.011666666666666665,0.7441666666666666,0.005892556509887875,0.7383333333333333,0.010929064207169959
hau,0.44388888888888883,0.01018350154434632,0.48722222222222217,0.016187558093703893,0.425,0.013228756555322966,0.4188888888888888,0.020570565090637323,0.42111111111111105,0.011706281947614146,0.4283333333333333,0.007071067811865481,0.41944444444444445,0.010046189622236199,0.4283333333333333,0.012018504251546616,0.42083333333333334,0.008249579113843088,0.5138888888888888,0.008388704928078587,0.43277777777777776,0.011824331474329307,0.4033333333333333,0.007264831572567806,0.40166666666666667,0.0016666666666666427,0.4122222222222222,0.002545875386086576,0.42277777777777775,0.01109721353079899,0.5366666666666666,0.013017082793177785,0.5138888888888888,0.02110379990358069,0.43333333333333335,0.015275252316519486,0.4372222222222222,0.00976577546180385,0.5305555555555556,0.00673575314054564,0.4861111111111111,0.02149504680239236,0.4305555555555555,0.020092379244472325,0.4341666666666666,0.0035355339059327407,0.4366666666666666,0.011666666666666652,0.4833333333333332,0.011666666666666643,0.43944444444444436,0.017664570106205188,0.4305555555555555,0.01669442133479635,0.4338888888888888,0.011097213530798948,0.4683333333333333,0.041264728010466455,0.425,0.004714045207910269,0.48722222222222217,0.016187558093703893,0.41,0.007264831572567804
hi,0.6022621423819029,0.004906824768460997,0.6011310711909514,0.002724630103718303,0.6027944111776447,0.006050900754979752,0.598003992015968,0.0057122107869278325,0.601729873586161,0.005206227587355817,0.5918829008649368,0.001283253594277207,0.5973386560212908,0.0024796600337437906,0.5972055888223552,0.00522023825573736,0.6043246839654025,0.006710664729874496,0.594810379241517,0.003823801209714196,0.6035262807717897,0.008024680291217392,0.5920159680638722,0.003987022825436783,0.6008649367930805,0.003107197452783931,0.5979374584165004,0.008374516267366938,0.6071190951430472,0.005992457883804519,0.5929474384564205,0.012545244960389777,0.5962075848303393,0.0036966585184534783,0.5971390552228876,0.005360808271053552,0.5894211576846308,0.0042247525925183105,0.5986027944111777,0.006759957773204028,0.5946773120425815,0.0029628002765418704,0.6024617431803061,0.0070748089328196255,0.5954757152361942,0.007091682755752931,0.5926147704590818,0.005178092523382404,0.5959414504324684,0.007364521145453992,0.5995342648037258,0.0024635407294176623,0.5996673320026614,0.006453416182558705,0.5961410512308716,0.0025274011860575234,0.5983366600133068,0.006204770955174554,0.602994011976048,0.01048046753918164,0.6011310711909514,0.002724630103718303,0.5976713240186294,0.006490351775519511
ibo,0.4611111111111111,0.014369463507086193,0.44166666666666665,0.02420973174388992,0.3938888888888889,0.0058531409738071085,0.38888888888888884,0.007515416254704829,0.3933333333333333,0.007264831572567766,0.4116666666666666,0.009279607271383373,0.3958333333333333,0.017677669529663705,0.3838888888888888,0.002545875386086576,0.39249999999999996,0.0011785113019776065,0.4038888888888889,0.005357583756107193,0.39222222222222225,0.009765775461803862,0.38999999999999996,0.0033333333333333617,0.38666666666666666,0.015898986690282477,0.3833333333333333,0.002357022603955213,0.41888888888888887,0.002545875386086582,0.3955555555555555,0.01272937693043291,0.4183333333333333,0.007071067811865481,0.4183333333333333,0.02803767306876789,0.3955555555555555,0.0041943524640393436,0.4061111111111111,0.005853140973807101,0.49722222222222223,0.02110379990358067,0.415,0.019649710204252647,0.4183333333333333,0.0072648315725678345,0.40277777777777773,0.008221471437193737,0.49111111111111105,0.008221471437193702,0.42333333333333334,0.019220937657784643,0.4072222222222222,0.015030832509409689,0.4116666666666666,0.0023570226039551345,0.4483333333333333,0.047696960070847255,0.42277777777777775,0.012945755775256697,0.44166666666666665,0.02420973174388992,0.3977777777777778,0.006309898162000322
kin,0.45166666666666666,0.022422706745122832,0.445,0.018333333333333313,0.40166666666666667,0.010137937550497016,0.395,0.0050000000000000044,0.39833333333333326,0.010929064207169992,0.42944444444444435,0.005357583756107202,0.38166666666666665,0.017400510848184225,0.3833333333333333,0.010137937550497076,0.4044444444444444,0.00838870492807859,0.425,0.008819171036881984,0.3872222222222222,0.008552669065744782,0.3633333333333333,0.020883273476902754,0.3844444444444444,0.004194352464039293,0.3633333333333333,0.006009252125773323,0.3872222222222222,0.013574213025411813,0.42166666666666663,0.015898986690282377,0.4344444444444444,0.01436946350708618,0.3972222222222222,0.002545875386086596,0.4258333333333333,0.010606601717798222,0.4144444444444444,0.007876359377087635,0.4955555555555555,0.008552669065744836,0.4144444444444444,0.008388704928078592,0.42916666666666664,0.008249579113843088,0.4258333333333333,0.015320646925708491,0.4749999999999999,0.0050000000000000044,0.4033333333333333,0.030867098629086938,0.4177777777777778,0.018358568490953638,0.4577777777777778,0.049140765305546605,0.47444444444444445,0.04429488725617255,0.4244444444444444,0.02936046724827513,0.445,0.018333333333333313,0.3955555555555555,0.005091750772173152
lin,0.3522222222222222,0.012509255832441868,0.3461111111111111,0.012056963563450384,0.3522222222222222,0.0034694433324435644,0.3405555555555555,0.00822147143719373,0.3444444444444444,0.013574213025411768,0.33555555555555555,0.01931704294523745,0.3444444444444444,0.005091750772173131,0.35333333333333333,0.010408329997330676,0.3466666666666666,0.020816659994661316,0.3444444444444444,0.009765775461803872,0.3311111111111111,0.002545875386086576,0.35555555555555557,0.015485955405295957,0.3461111111111111,0.006309898162000271,0.34333333333333327,0.014529663145135588,0.32555555555555554,0.021430335024428798,0.3361111111111111,0.0034694433324435744,0.3233333333333333,0.00666666666666671,0.33555555555555555,0.013977495139343505,0.33499999999999996,0.012018504251546597,0.3433333333333333,0.010408329997330669,0.34055555555555556,0.010046189622236162,0.3341666666666666,0.0035355339059327407,0.33249999999999996,0.008249579113843088,0.3416666666666666,0.003333333333333334,0.34888888888888886,0.006309898162000276,0.33499999999999996,0.008819171036881944,0.3366666666666666,0.010137937550497016,0.3283333333333333,0.017559422921421233,0.33944444444444444,0.010046189622236147,0.3424999999999999,0.008249579113843069,0.3461111111111111,0.012056963563450384,0.3366666666666666,0.010929064207170002
lug,0.48222222222222216,0.01205696356345038,0.4683333333333333,0.010408329997330719,0.4183333333333333,0.0050000000000000044,0.4133333333333333,0.01755942292142121,0.44944444444444437,0.018434066692263388,0.5211111111111112,0.005357583756107205,0.4372222222222222,0.030245905752924896,0.4166666666666667,,0.4283333333333333,0.019220937657784657,0.4205555555555555,0.010183501544346267,0.4488888888888889,0.00787635937708767,0.39944444444444444,0.01702394827338285,0.4105555555555555,0.002545875386086535,0.40055555555555555,0.02250514344503229,0.44222222222222224,0.01456149158009017,0.425,0.016914819275153693,0.43777777777777777,0.01782112770260605,0.4433333333333333,0.0050000000000000044,0.45444444444444443,0.006309898162000276,0.4288888888888889,0.012509255832441842,0.5005555555555555,0.0041943524640393436,0.45166666666666666,0.02242270674512286,0.4444444444444444,0.009179284245476827,0.5105555555555555,0.01109721353079899,0.5066666666666667,0.010137937550496998,0.44999999999999996,0.0072648315725678345,0.44166666666666665,0.014999999999999951,0.4383333333333333,0.021666666666666647,0.4561111111111111,0.0323321878376699,0.4527777777777778,0.019883922409081423,0.4683333333333333,0.010408329997330719,0.43777777777777777,0.01134476547592337
orm,0.4694444444444444,0.03433225456773419,0.4883333333333333,0.01763834207376393,0.39888888888888885,0.013471506281091259,0.3977777777777778,0.0097657754618039,0.40888888888888886,0.01170628194761416,0.5416666666666666,0.006666666666666668,0.3922222222222222,0.017105338131489643,0.38916666666666666,0.0011785113019776065,0.41,0.004409585518440971,0.4366666666666666,0.0016666666666666566,0.39666666666666667,0.0023570226039551345,0.3761111111111111,0.008388704928078628,0.3833333333333333,0.008819171036881984,0.3844444444444444,0.020838888148345606,0.5494444444444445,0.006309898162000296,0.5144444444444445,0.017664570106205157,0.5177777777777778,0.017023948273382893,0.5733333333333334,0.019220937657784626,0.5555555555555555,0.00976577546180386,0.41944444444444445,0.017023948273382817,0.505,0.004714045207910269,0.5605555555555556,0.0069388866648871315,0.5505555555555556,0.006735753140545608,0.5338888888888889,0.01618755809370384,0.5058333333333334,0.008249579113843088,0.5605555555555556,0.007876359377087642,0.46166666666666667,0.08535872018201253,0.4777777777777777,0.0663394748692355,0.48666666666666664,0.012583057392117934,0.47,0.07084803768944094,0.4883333333333333,0.01763834207376393,0.3977777777777778,0.009179284245476866
ru,0.6758483033932136,0.002794411177644707,0.6793080505655356,0.004733247215391096,0.6785761809713905,0.0028251329002743812,0.6791749833666002,0.003281799721926428,0.6793080505655356,0.003504874834615106,0.6727212242182302,0.01146155916574788,0.6778443113772455,0.008816392345452184,0.6788423153692614,0.00326760589695508,0.6776447105788423,0.007974045650873512,0.6699933466400533,0.01140406079920984,0.6842980705256155,0.005175527206146218,0.673785761809714,0.003923226344060023,0.6731204258150366,0.0032451758877596916,0.6794411177644711,0.005588822355289436,0.6799068529607452,0.005394147720215414,0.6798403193612774,0.005366997868163107,0.6741184298070525,0.007627606380473162,0.6765801729873586,0.004392729431868019,0.6672654690618763,0.0013088699649305736,0.6731204258150365,0.002339107895042824,0.6711244178310046,0.004428859412014011,0.677977378576181,0.0023134183167949087,0.6724550898203593,0.0029538220732432826,0.6740518962075849,0.006109871403199183,0.6769793745841651,0.005054802372115123,0.6765801729873586,0.003195691273059941,0.6826347305389221,0.0005280940740647448,0.6733865602129075,0.005152381875329165,0.6774451097804391,0.006795227357504656,0.6787757817697937,0.0019179687698469149,0.6793080505655356,0.004733247215391096,0.6749168330006654,0.0051755272061461835
same,0.8095808383233534,0.0013972055888223347,0.814637391882901,0.002908515368515495,0.8092481703260147,0.0050744683874034855,0.8124417831004657,0.001329007608478938,0.8129075182967398,0.0012832535942771523,0.8121091151031271,0.0018546054377599577,0.81187624750499,0.002963920639704091,0.8133067198935463,0.002658015216957832,0.8135063206919494,0.0011695539475213982,0.8085163007318696,0.0028392000390355106,0.8145708582834331,0.0008468344684869056,0.8119095143047238,0.0034127261751781364,0.8092481703260147,0.002463540729417631,0.8141051230871591,0.004121325526533317,0.8134397870924817,0.002796786368194758,0.8134397870924817,0.0023813080729438883,0.8091151031270791,0.004072704176394598,0.8122421823020626,0.0031071974527839582,0.8123087159015303,0.002397980211701908,0.8161676646706587,0.0005280940740648025,0.8105123087159015,0.0010993154785002776,0.8133067198935463,0.0004155021955022042,0.8145043246839654,0.004762616145887807,0.8117099135063207,0.005511054794378888,0.8109780439121757,0.0041245465708127415,0.8082501663339987,0.00481668337930489,0.8125748502994012,0.0023532587070961325,0.8124417831004657,0.0025115883018199565,0.8153692614770459,0.0017740907020590373,0.8101796407185629,0.003020508173736811,0.814637391882901,0.002908515368515495,0.8099135063206919,0.001524476279093748
sna,0.4572222222222222,0.008552669065744822,0.44111111111111106,0.005357583756107192,0.38166666666666665,0.01691481927515371,0.3705555555555555,0.011824331474329307,0.38999999999999996,0.014813657362192673,0.5111111111111111,0.014938144066387523,0.381111111111111,0.008552669065744836,0.3938888888888889,0.002545875386086576,0.3908333333333333,0.005892556509887953,0.39833333333333326,0.010929064207170025,0.4038888888888889,0.007515416254704865,0.37666666666666665,0.010929064207170018,0.38055555555555554,0.025513250007122294,0.38055555555555554,0.00917928424547682,0.42111111111111105,0.007876359377087696,0.37833333333333324,0.004409585518440981,0.4072222222222222,0.007876359377087642,0.42166666666666663,0.00927960727138336,0.543888888888889,0.01336801046168434,0.4016666666666666,0.011666666666666653,0.48,0.01802775637731996,0.40055555555555555,0.011824331474329286,0.5333333333333333,0.014142135623730963,0.5183333333333334,0.0060092521257732465,0.48888888888888893,0.023353166174426343,0.4161111111111111,0.013977495139343458,0.46055555555555555,0.06425498971833783,0.4644444444444444,0.053989024947805934,0.4344444444444444,0.06049181150584975,0.4688888888888889,0.06466437567533982,0.44111111111111106,0.005357583756107192,0.3827777777777777,0.0097657754618039
sot,0.4427777777777777,0.007876359377087673,0.4144444444444444,0.0067357531405456425,0.41111111111111115,0.014174834246859008,0.40444444444444444,0.005357583756107206,0.4233333333333333,0.007071067811865481,0.42333333333333334,0.0016666666666666427,0.41722222222222216,0.013471506281091205,0.4172222222222222,0.014938144066387516,0.4141666666666667,0.017677669529663723,0.40277777777777773,0.012729376930432914,0.4222222222222222,0.013574213025411758,0.3858333333333333,0.00824957911384301,0.39833333333333326,0.007264831572567766,0.3827777777777777,0.01228519132638664,0.4177777777777778,0.020161385901804482,0.425,0.008819171036881934,0.4244444444444444,0.012509255832441855,0.4305555555555555,0.030837086858617562,0.4122222222222222,0.015030832509409675,0.4175,0.012963624321753416,0.4455555555555555,0.015122952876462453,0.4266666666666667,0.008819171036881934,0.4161111111111111,0.020092379244472346,0.42055555555555557,0.005853140973807095,0.4222222222222222,0.014174834246858942,0.4305555555555555,0.008552669065744836,0.4905555555555556,0.027504208432192357,0.47444444444444445,0.042828253049351186,0.43999999999999995,0.016914819275153696,0.49833333333333335,0.029486343354923564,0.4144444444444444,0.0067357531405456425,0.3877777777777778,0.01575271875417537
sw,0.49980039920159675,0.006057481399398611,0.5206254158349967,0.009468598485877295,0.5075848303393213,0.0003992015968063978,0.4908183632734531,0.005001981671114452,0.5020625415834997,0.004291803971489047,0.5349301397205589,0.011937729783876808,0.4988023952095808,0.0046938028009201275,0.49534264803725875,0.0036387249271790886,0.4996007984031936,0.004693802800920093,0.4902860944777112,0.008341148362801577,0.4966733200266134,0.011095961401079187,0.506919494344644,0.004500249254314301,0.5087824351297404,0.006197275327848322,0.5055222887558216,0.00736722554158367,0.49381237524950095,0.0020257268592998407,0.4888888888888889,0.003094348890015577,0.4904191616766467,0.006273945567066526,0.5007318695941451,0.003594662051693947,0.526480372588157,0.010046353207279745,0.48922155688622754,0.005037696392863904,0.5419161676646707,0.006402800372193792,0.4932801064537591,0.0031956912730599562,0.5290751829673985,0.009884438981998084,0.537125748502994,0.008100448657765642,0.5243512974051896,0.013524335023141614,0.49770459081836327,0.004093033264353358,0.5244843646041252,0.038623828985106946,0.5198270126413839,0.03124586710704959,0.5271457085828343,0.016637657472394984,0.5176979374584165,0.01234677900322627,0.5206254158349967,0.009468598485877295,0.5511643379906853,0.006294022244195543
swa,0.4655555555555555,0.008388704928078606,0.49,0.01589898669028241,0.4794444444444444,0.012285191326386643,0.4588888888888889,0.005091750772173158,0.47277777777777774,0.008552669065744797,0.5044444444444444,0.017821127702606045,0.45999999999999996,0.008819171036881972,0.4666666666666666,0.003333333333333313,0.46055555555555555,0.0053575837561072445,0.4666666666666667,0.01649915822768604,0.47000000000000003,0.014529663145135582,0.4825,0.001178511301977528,0.48166666666666663,0.010408329997330665,0.49166666666666664,0.007264831572567787,0.4738888888888888,0.017506612507320794,0.455,0.003333333333333348,0.47222222222222227,0.01261979632400064,0.4861111111111111,0.0175066125073208,0.5044444444444444,0.019172704363041537,0.46444444444444444,0.021751968833835476,0.5038888888888889,0.010046189622236204,0.48,0.012018504251546616,0.5033333333333333,0.020816659994661323,0.49722222222222223,0.006735753140545627,0.4955555555555556,0.014174834246858952,0.47833333333333333,0.0023570226039551345,0.48444444444444446,0.0519704331897082,0.4894444444444444,0.026369876191790664,0.48833333333333334,0.022422706745122863,0.4672222222222222,0.0034694433324435506,0.49,0.01589898669028241,0.51,0.00600925212577337
th,0.5305389221556887,0.005403986575122127,0.5719893546240852,0.007285656992946233,0.53812375249501,0.003987022825436736,0.546773120425815,0.009500103392469232,0.5439121756487025,0.004191616766467066,0.5524284763805722,0.00636327011389094,0.5572854291417165,0.004124546570812785,0.5434464404524285,0.004072704176394729,0.5485695276114438,0.00842668459385439,0.5431137724550897,0.004901408845432527,0.5466400532268796,0.006375779831301459,0.5608782435129741,0.00484417608762933,0.5661343978709249,0.012737492277540906,0.5597471723220226,0.004991350454693536,0.5519627411842981,0.006511800789416949,0.5690618762475049,0.008990902698247604,0.5721224218230206,0.004291803971489061,0.5509647371922821,0.003550052314558627,0.5497671324018629,0.009038045227930568,0.5413173652694611,0.014196935650365885,0.5525615435795076,0.008620659660277046,0.5378576180971391,0.010437296057350385,0.545575515635396,0.0024635407294176814,0.5481703260146374,0.0018546054377599854,0.5592149035262808,0.006716598996086357,0.5313373253493013,0.011342173768603124,0.5412508316699933,0.003029288739276673,0.5457085828343313,0.014375415233557533,0.5518296739853626,0.028854111735385646,0.5556220891550233,0.002796786368194769,0.5719893546240852,0.007285656992946233,0.5694610778443114,0.00524688200722349
tr,0.6009314703925482,0.0038203266054439274,0.6369261477045908,0.0019248803914157556,0.6157684630738522,0.0024527356741406276,0.6135063206919494,0.0034010320476731944,0.6082501663339986,0.006185478133001515,0.6371922821024617,0.004829074467498055,0.6152361942781104,0.004379103838164832,0.6152361942781104,0.002908515368515586,0.6173652694610778,0.007534764905459838,0.6343313373253493,0.0052011234414353034,0.6117099135063206,0.004392729431868019,0.6250166333998669,0.006972708526954832,0.6207584830339322,0.0038858128411041423,0.6263473053892216,0.007886126253548287,0.6199600798403194,0.002940303365799668,0.6238855622089154,0.0037678230564918056,0.6186959414504325,0.0033240175640177555,0.6221556886227545,0.008489489148956818,0.617831004657352,0.0029221811385226264,0.6081836327345309,0.010719138987702626,0.6396207584830339,0.0018348080150548838,0.6246839654025282,0.01248795074790686,0.6170326014637392,0.008123368323865498,0.6172987358616101,0.005121358722002906,0.6332667997338656,0.009606447256009242,0.6129075182967398,0.004626836633589799,0.6231536926147704,0.016061354230969164,0.6347970725216234,0.00657269800732659,0.6352628077178976,0.004906824768461028,0.6177644710578842,0.018483292592267605,0.6369261477045908,0.0019248803914157556,0.6322687957418497,0.005316030433915688
twi,0.39944444444444444,0.009477067838462257,0.40833333333333327,0.010137937550497063,0.3827777777777777,0.0187330170000971,0.37833333333333324,0.008333333333333304,0.39111111111111113,0.016694421334796348,0.44611111111111107,0.011824331474329307,0.3758333333333333,0.029462782549439452,0.37416666666666665,0.008249579113843088,0.37833333333333324,0.0050000000000000044,0.3872222222222222,0.018733017000097114,0.38166666666666665,0.004409585518441018,0.3677777777777777,0.003469443332443526,0.3833333333333333,0.016414763002993486,0.37749999999999995,0.02710575994548432,0.381111111111111,0.017506612507320825,0.3938888888888889,0.015122952876462497,0.40444444444444444,0.005357583756107206,0.3844444444444444,0.016187558093703893,0.4794444444444444,0.020023134767711226,0.3977777777777778,0.0069388866648871,0.40888888888888886,0.0058531409738070885,0.3855555555555556,0.025073964658659475,0.3808333333333333,0.001178511301977528,0.4566666666666667,0.022422706745122874,0.40111111111111114,0.011097213530799005,0.3916666666666666,0.007071067811865481,0.37666666666666665,0.017638342073763927,0.4133333333333333,0.03382963855030741,0.39444444444444443,0.004194352464039293,0.37916666666666665,0.0011785113019776065,0.40833333333333327,0.010137937550497063,0.3708333333333333,0.0035355339059327407
ur,0.5743180306054557,0.0015503899132043885,0.5857618097139056,0.0010993154785001943,0.5811709913506321,0.01029896278858761,0.5810379241516965,0.0031050597177852027,0.5802395209580838,0.004752846666583112,0.5758483033932135,0.009162089754513726,0.5826347305389222,0.002267029279760582,0.5809713905522288,0.005695913433353125,0.5837658017298736,0.0027681495758768407,0.58416500332668,0.0014981144709511644,0.5815036593479707,0.010422016367238988,0.5667332002661344,0.0015503899132044462,0.5817697937458416,0.0040333851140992244,0.57478376580173,0.007130899733579729,0.5798403193612774,0.006415233005983309,0.5767132401862941,0.006903802771843379,0.5766467065868264,0.00500198167111446,0.5767797737857618,0.00880131642411859,0.5685296074517631,0.0025431157489842295,0.5848303393213573,0.0071383452064861155,0.5775116433799069,0.007564668373833586,0.580439121756487,0.0054333962430404325,0.57478376580173,0.007762221588504273,0.5731204258150365,0.00728018659523366,0.5771789753825681,0.004419854605520251,0.5740518962075848,0.004676796213117706,0.5817697937458416,0.004072704176394656,0.5803725881570193,0.009060058848007065,0.5821024617431804,0.0011695539475213722,0.5719228210246174,0.011041971973001153,0.5857618097139056,0.0010993154785001943,0.5817032601463739,0.004268533581462526
vi,0.6957418496340653,0.00343599503224895,0.6976047904191617,0.0015069529810920058,0.6899534264803725,0.0020387962004051355,0.6941450432468397,0.006871990064497807,0.6948769128409847,0.0013290076084789629,0.7017964071856287,0.0036641835829712152,0.6972721224218231,0.0030028700190011573,0.6976047904191617,0.004534058559521159,0.6932801064537591,0.0060223015365953765,0.6902860944777113,0.004699457987068652,0.6986027944111776,0.001056188148129605,0.6914836992681304,0.003318019331947292,0.6878243512974053,0.003098637663924173,0.699001996007984,0.005488114604737542,0.6976047904191617,0.005588822355289458,0.6984031936127745,0.0026101191278686815,0.6975382568196938,0.005511054794378964,0.70249500998004,0.005786702201326992,0.6952095808383234,0.004318025479597579,0.6952095808383234,0.005021854541081483,0.693812375249501,0.0025948103792415023,0.6943446440452429,0.0011695539475214828,0.6940785096473719,0.0016620087820088767,0.6947105788423154,0.0001411390780811902,0.6897538256819694,0.0019179687698468873,0.6957418496340653,0.002296132259046856,0.6892880904856953,0.0036930642944452076,0.6916833000665337,0.0009432765721062821,0.6960079840319361,0.003098637663924182,0.6878908848968729,0.006602936004744138,0.6976047904191617,0.0015069529810920058,0.6929474384564204,0.002439162046549964
wol,0.41888888888888887,0.016694421334796303,0.41888888888888887,0.005357583756107192,0.3755555555555555,0.006735753140545612,0.3844444444444444,0.010715167512214392,0.38611111111111107,0.023707320325946496,0.4183333333333333,0.009279607271383356,0.375,0.01922093765778466,0.39111111111111113,0.011344765475923438,0.4105555555555555,0.007515416254704823,0.44055555555555553,0.017976321874848256,0.37999999999999995,0.011785113019775828,0.3727777777777777,0.01575271875417537,0.3816666666666666,0.010000000000000009,0.3822222222222222,0.003469443332443578,0.39999999999999997,0.010408329997330705,0.39055555555555554,0.012619796324000645,0.4066666666666666,0.009428090415820557,0.3922222222222222,0.014174834246859008,0.4061111111111111,0.010183501544346274,0.4511111111111111,0.019883922409081458,0.41888888888888887,0.005091750772173158,0.41055555555555556,0.004194352464039293,0.395,0.012018504251546679,0.3983333333333334,0.02362907813126304,0.39222222222222225,0.015485955405295954,0.39666666666666667,0.010137937550497007,0.41277777777777774,0.021103799903580606,0.4022222222222222,0.02311404895857196,0.4227777777777777,0.01685998989499278,0.3961111111111111,0.008552669065744836,0.41888888888888887,0.005357583756107192,0.41888888888888887,0.0034694433324435644
xho,0.43999999999999995,0.006009252125773337,0.43611111111111106,0.005853140973807043,0.3938888888888889,0.013574213025411825,0.38277777777777783,0.006309898162000322,0.39111111111111113,0.01766457010620516,0.44944444444444437,0.006309898162000289,0.39111111111111113,0.01669442133479636,0.36666666666666664,0.01301708279317773,0.38888888888888884,0.005091750772173163,0.38499999999999995,0.012018504251546639,0.37833333333333324,0.017638342073763944,0.35888888888888887,0.017105338131489563,0.38749999999999996,0.020034692133618838,0.37222222222222223,0.017664570106205174,0.38611111111111107,0.012056963563450419,0.36833333333333335,0.004409585518440982,0.38222222222222224,0.017976321874848256,0.39722222222222214,0.009179284245476852,0.4222222222222222,0.012509255832441902,0.38611111111111107,0.006938886664887101,0.44611111111111107,0.00917928424547682,0.3822222222222222,0.008388704928078628,0.4055555555555555,0.0107151675122144,0.38833333333333336,0.01452966314513562,0.4655555555555555,0.008388704928078606,0.40499999999999997,0.01301708279317777,0.4594444444444445,0.06028481781725194,0.45444444444444443,0.06801415974579061,0.4566666666666666,0.006666666666666661,0.45555555555555555,0.08420103808632538,0.43611111111111106,0.005853140973807043,0.3916666666666666,0.014142135623730963
yor,0.4844444444444444,0.012729376930432891,0.47055555555555556,0.017821127702606045,0.4472222222222222,0.012945755775256723,0.4366666666666667,0.015275252316519486,0.44333333333333336,0.010408329997330676,0.5177777777777778,0.022689530951846795,0.44111111111111106,0.005357583756107189,0.44999999999999996,0.010408329997330676,0.4422222222222221,0.005853140973807102,0.44999999999999996,0.014240006242195877,0.43944444444444447,0.008221471437193737,0.43999999999999995,0.0076376261582597384,0.43277777777777776,0.01946031098681887,0.4444444444444444,0.018954135676924454,0.4572222222222222,0.013471506281091292,0.4511111111111111,0.010046189622236185,0.4416666666666666,0.007071067811865481,0.44222222222222224,0.019460310986818878,0.43777777777777777,0.016187558093703827,0.44388888888888883,0.018358568490953648,0.4888888888888889,0.004194352464039293,0.43,0.024551533104427047,0.43777777777777777,0.013977495139343439,0.5177777777777778,0.015122952876462403,0.508888888888889,0.007876359377087683,0.43611111111111106,0.02016138590180451,0.44999999999999996,0.008819171036882012,0.45916666666666667,0.0011785113019776065,0.4427777777777777,0.00535758375610722,0.45388888888888884,0.015485955405295999,0.47055555555555556,0.017821127702606045,0.4955555555555555,0.0265797193642349
zh,0.685362608117099,0.003132736491548494,0.6900864936793081,0.008245067426124504,0.6825016633399867,0.0027246301037183577,0.6902860944777113,0.0030227057063474195,0.6902195608782434,0.005684243858641999,0.6896872920825018,0.006456502219006302,0.6858283433133732,0.0030728152332017587,0.6856952761144378,0.004491387579970121,0.6906852960745177,0.003943484101859603,0.6867598137059215,0.006487281841516181,0.6974717232202262,0.008093888260935067,0.6896872920825016,0.002566507188554388,0.6865602129075183,0.0008066770228197787,0.691816367265469,0.0015589320710392793,0.6909514304723885,0.009079825473975804,0.6932801064537591,0.003395169879487164,0.6941450432468397,0.007236274538866639,0.6920159680638722,0.0015069529810919323,0.6872920825016634,0.0031706593632584833,0.6913173652694611,0.0043753114205156,0.6872920825016634,0.0027967863681947445,0.6872920825016634,0.0024956752273467887,0.6850299401197605,0.0015842822221943864,0.6910179640718563,0.000564556312324486,0.6868928809048569,0.006002422254835182,0.6889554224883566,0.0008066770228198829,0.6920159680638722,0.00441384119510899,0.6870924817032602,0.0020775109775111565,0.6940119760479041,0.0032979464355006646,0.6868263473053892,0.0028786836530650217,0.6900864936793081,0.008245067426124504,0.6904856952761144,0.0010993154785002624
zul,0.45388888888888884,0.008388704928078578,0.44055555555555553,0.01782112770260607,0.41222222222222227,0.0041943524640393115,0.395,0.014142135623730963,0.41277777777777774,0.014174834246858984,0.4625,0.020034692133618897,0.39999999999999997,0.028037673068767904,0.39444444444444443,0.010046189622236199,0.4116666666666666,0.01166666666666661,0.40833333333333327,0.014999999999999979,0.405,0.008819171036881984,0.36999999999999994,0.0023570226039551345,0.3861111111111111,0.030015428131644654,0.38749999999999996,0.012963624321753357,0.40166666666666667,0.012018504251546639,0.3872222222222222,0.014369463507086235,0.41,0.01802775637731992,0.40111111111111103,0.01734721666221779,0.4183333333333333,0.006009252125773283,0.41833333333333333,0.023570226039551598,0.4633333333333334,0.017559422921421236,0.40888888888888886,0.020023134767711226,0.4155555555555555,0.029360467248275138,0.41944444444444445,0.011706281947614132,0.4633333333333333,0.010929064207169992,0.41333333333333333,0.013017082793177754,0.4583333333333333,0.05464532103585004,0.4672222222222222,0.0458964212273842,0.45888888888888885,0.013977495139343495,0.46166666666666667,0.057951128835712365,0.44055555555555553,0.01782112770260607,0.4022222222222222,0.010046189622236218
