final_eval_bbj_accuracy,final_eval_pcm_accuracy,final_eval_avg_performance,exp,task,seeds,list_final_avg,p_val_xt_afri,p_val_xt_only,p_val_afri_only
43.82 \scriptsize $\pm$ 13.42,73.39 \scriptsize $\pm$ 5.03,58.61 \scriptsize $\pm$ 7.83,abla_most_family_joshi2,masakha_unseen_ner,"[42, 66, 17, 23]","[58.32995173843082, 55.88339736319165, 50.833061019129424, 69.38659280468069]",0.051990544224689704,0.049577885913230965,0.23727304021127768
66.59 \scriptsize $\pm$ 12.40,80.61 \scriptsize $\pm$ 3.26,73.60 \scriptsize $\pm$ 7.69,abla_most_family_joshi3,masakha_unseen_ner,"[42, 66, 17, 23]","[76.27506155165499, 78.02273665112892, 77.96606648039798, 62.12619328372316]",0.9598893609257377,0.9073343674836654,0.32022032712204435
86.07 \scriptsize $\pm$ 5.08,83.81 \scriptsize $\pm$ 1.97,84.94 \scriptsize $\pm$ 2.88,abla_most_family_joshi35,masakha_unseen_ner,"[42, 66, 17, 23]","[85.84460483606972, 88.53196997570208, 83.39780840376042, 81.9818581107561]",0.10247405747163159,0.004329678533953327,0.02041178146747279
75.69 \scriptsize $\pm$ 5.55,79.84 \scriptsize $\pm$ 2.16,77.77 \scriptsize $\pm$ 2.95,abla_most_family_seen_mbert,masakha_unseen_ner,"[42, 66, 17, 23]","[74.13498600679604, 76.74601960201207, 79.36804518168113, 80.81179745817023]",0.3183851890117773,0.30728278222853406,0.03954254584945569
77.66 \scriptsize $\pm$ 6.09,79.87 \scriptsize $\pm$ 2.32,78.76 \scriptsize $\pm$ 2.04,abla_most_family_seen_xlmr,masakha_unseen_ner,"[42, 66, 17, 23]","[78.57919271661802, 76.81378693675624, 81.62176796178726, 78.03672409182494]",0.17460069203348252,0.09557759222357379,0.06149599463116256
67.81 \scriptsize $\pm$ 10.34,78.08 \scriptsize $\pm$ 3.05,72.94 \scriptsize $\pm$ 5.90,abla_most_family_unseen_mbert,masakha_unseen_ner,"[42, 66, 17, 23]","[67.93419851446117, 80.8899703652987, 69.04259801006036, 73.91102414346376]",0.8844376262571108,0.8023386303428768,0.10708423922744432
65.10 \scriptsize $\pm$ 6.37,78.82 \scriptsize $\pm$ 4.13,71.96 \scriptsize $\pm$ 2.62,abla_most_family_unseen_xlmr,masakha_unseen_ner,"[42, 66, 17, 23]","[75.63756679622483, 71.52124079606807, 71.24073987625121, 69.44346468963673]",0.6310386556542615,0.013814135615370881,0.38987630728994754
66.88 \scriptsize $\pm$ 5.02,74.58 \scriptsize $\pm$ 4.11,70.73 \scriptsize $\pm$ 1.12,abla_most_script_joshi2,masakha_unseen_ner,"[42, 66, 17, 23]","[69.40751921472076, 70.55710875508896, 72.14835159135234, 70.79717461766509]",0.40495521736033013,0.20947215742433617,0.35910003855470823
63.50 \scriptsize $\pm$ 7.62,74.44 \scriptsize $\pm$ 2.36,68.97 \scriptsize $\pm$ 4.22,abla_most_script_joshi3,masakha_unseen_ner,"[42, 66, 17, 23]","[68.16060256073328, 63.430931320340626, 73.09608138419759, 71.20449471162934]",0.05031715565548509,0.2086075892085075,0.6959068661846094
71.90 \scriptsize $\pm$ 8.18,83.04 \scriptsize $\pm$ 3.20,77.47 \scriptsize $\pm$ 5.43,abla_most_script_joshi35,masakha_unseen_ner,"[42, 66, 17, 23]","[80.47943725189151, 77.59517885712178, 69.80047149259306, 82.0082394497697]",0.5112578742421741,0.33321038167404327,0.14844323335747794
69.69 \scriptsize $\pm$ 4.35,81.39 \scriptsize $\pm$ 1.25,75.54 \scriptsize $\pm$ 2.80,abla_most_script_joshi45,masakha_unseen_ner,"[42, 66, 17, 23]","[74.88016878293705, 75.3300347294263, 72.61350603528962, 79.33722612971494]",0.696254379368753,0.592444230902636,0.11942707188439024
67.40 \scriptsize $\pm$ 20.03,77.75 \scriptsize $\pm$ 1.16,72.57 \scriptsize $\pm$ 10.38,abla_most_script_seen_mbert,masakha_unseen_ner,"[42, 66, 17, 23]","[75.08670974129862, 57.54727461028811, 76.28087380297016, 81.38425090252707]",0.5913377873265038,0.8244751562400474,0.517620207596099
67.40 \scriptsize $\pm$ 20.03,77.75 \scriptsize $\pm$ 1.16,72.57 \scriptsize $\pm$ 10.38,abla_most_script_seen_xlmr,masakha_unseen_ner,"[42, 66, 17, 23]","[75.08670974129862, 57.54727461028811, 76.28087380297016, 81.38425090252707]",0.5913377873265038,0.8244751562400474,0.517620207596099
42.15 \scriptsize $\pm$ 10.89,70.82 \scriptsize $\pm$ 3.23,56.48 \scriptsize $\pm$ 7.00,abla_most_uriel_joshi2,masakha_unseen_ner,"[42, 66, 17, 23]","[48.93550648712948, 61.91699546085361, 52.13213232683698, 62.94333905049079]",0.06198391127526503,0.035705721415433204,0.02851107603239189
62.44 \scriptsize $\pm$ 14.50,79.45 \scriptsize $\pm$ 2.52,70.94 \scriptsize $\pm$ 6.68,abla_most_uriel_joshi3,masakha_unseen_ner,"[42, 66, 17, 23]","[78.17547322157213, 70.67117238612944, 72.82115209944166, 62.11128083922338]",0.5798631222018737,0.21807566843287787,0.581463083575746
67.55 \scriptsize $\pm$ 10.76,80.22 \scriptsize $\pm$ 6.71,73.89 \scriptsize $\pm$ 8.49,abla_most_uriel_joshi35,masakha_unseen_ner,"[42, 66, 17, 23]","[78.49337051790991, 77.64208029609344, 61.166983069836924, 78.24483553951063]",0.9961475015679824,0.9825320465216377,0.36205358709790336
71.21 \scriptsize $\pm$ 3.10,79.84 \scriptsize $\pm$ 0.77,75.52 \scriptsize $\pm$ 1.37,abla_most_uriel_joshi45,masakha_unseen_ner,"[42, 66, 17, 23]","[76.87603162417989, 74.58570779792615, 76.50083884301331, 74.12982500426482]",0.6490024483126332,0.30210561279871245,0.14114236684870513
71.46 \scriptsize $\pm$ 11.29,79.16 \scriptsize $\pm$ 1.63,75.31 \scriptsize $\pm$ 5.04,abla_most_uriel_seen_mbert,masakha_unseen_ner,"[42, 66, 17, 23]","[76.68235571093314, 78.40772698037263, 78.29820912347677, 67.84271823173853]",0.7959240069535225,0.5595358571824962,0.1664215115695537
71.62 \scriptsize $\pm$ 6.51,81.73 \scriptsize $\pm$ 0.74,76.67 \scriptsize $\pm$ 3.53,abla_most_uriel_seen_xlmr,masakha_unseen_ner,"[42, 66, 17, 23]","[77.22994931786012, 74.41933534586497, 81.43526154842755, 73.61438320400569]",0.41067592878095865,0.29355803749681836,0.11822181130291416
68.08 \scriptsize $\pm$ 7.28,76.03 \scriptsize $\pm$ 3.90,72.05 \scriptsize $\pm$ 5.05,abla_most_uriel_unseen_mbert,masakha_unseen_ner,"[42, 66, 17, 23]","[70.31634409680439, 70.73078038046762, 79.37066458497587, 67.79781088196376]",0.6302798155232243,0.5669771800083901,0.3089843322772344
59.41 \scriptsize $\pm$ 8.02,79.60 \scriptsize $\pm$ 1.90,69.50 \scriptsize $\pm$ 4.13,abla_most_uriel_unseen_xlmr,masakha_unseen_ner,"[42, 66, 17, 23]","[63.42945016160191, 71.12455248258341, 70.82040489231917, 72.64419685464128]",0.3723121101573877,0.30567543482300413,0.31477772246394403
57.92 \scriptsize $\pm$ 18.17,74.78 \scriptsize $\pm$ 6.54,66.35 \scriptsize $\pm$ 12.28,abla_random_joshi2,masakha_unseen_ner,"[42, 66, 17, 23]","[49.371661629574305, 77.44209937249586, 65.85203656444942, 72.72767628670623]",0.4331149563770154,0.3813993289714434,0.824433268970902
46.76 \scriptsize $\pm$ 18.10,76.33 \scriptsize $\pm$ 7.29,61.55 \scriptsize $\pm$ 12.04,abla_random_joshi3,masakha_unseen_ner,"[42, 66, 17, 23]","[75.47224325813427, 49.42724254348959, 53.83830328367705, 67.44426347796819]",0.09827249223688495,0.11318680062521269,0.6073323138729646
68.91 \scriptsize $\pm$ 11.71,80.70 \scriptsize $\pm$ 4.69,74.80 \scriptsize $\pm$ 6.31,abla_random_joshi35,masakha_unseen_ner,"[42, 66, 17, 23]","[66.05173796976361, 80.38781144676358, 74.56469926138014, 78.21010323157716]",0.8863001898176894,0.8685570034821045,0.007196445271177506
60.81 \scriptsize $\pm$ 27.38,82.57 \scriptsize $\pm$ 2.45,71.69 \scriptsize $\pm$ 14.86,abla_random_joshi45,masakha_unseen_ner,"[42, 66, 17, 23]","[88.00279143671246, 77.4002724871018, 52.88819038134362, 68.46697477073738]",0.8288319545302708,0.7432397269642794,0.6752062538859204
73.46 \scriptsize $\pm$ 14.08,81.89 \scriptsize $\pm$ 2.96,77.68 \scriptsize $\pm$ 8.46,abla_random_seen_mbert,masakha_unseen_ner,"[42, 66, 17, 23]","[67.58113666542181, 83.60121270592141, 73.874506664638, 85.64420751667889]",0.6026661310932147,0.5581208240571625,0.026252381426030338
60.09 \scriptsize $\pm$ 13.12,78.40 \scriptsize $\pm$ 4.58,69.24 \scriptsize $\pm$ 5.87,abla_random_seen_xlmr,masakha_unseen_ner,"[42, 66, 17, 23]","[77.70214070662223, 65.74149572826904, 64.83848597913237, 68.693940735208]",0.3277581963788685,0.10517929355377532,0.7590732332687629
59.57 \scriptsize $\pm$ 10.04,72.27 \scriptsize $\pm$ 9.94,65.92 \scriptsize $\pm$ 6.57,abla_random_unseen_mbert,masakha_unseen_ner,"[42, 66, 17, 23]","[74.57111377373887, 62.05447523179846, 67.2951563227612, 59.76069200658395]",0.1342612834536882,0.02784362718555671,0.8838691679178482
65.58 \scriptsize $\pm$ 17.43,74.03 \scriptsize $\pm$ 6.60,69.80 \scriptsize $\pm$ 7.07,abla_random_unseen_xlmr,masakha_unseen_ner,"[42, 66, 17, 23]","[74.85863002614217, 76.19661200787493, 61.070370600900915, 67.07690585363154]",0.5720349232386414,0.24057087529425908,0.6641116477449255
59.75 \scriptsize $\pm$ 19.08,74.26 \scriptsize $\pm$ 4.99,67.00 \scriptsize $\pm$ 7.60,afri_only,masakha_unseen_ner,"[42, 66, 17, 23]","[56.024300512699924, 73.5236002761756, 69.67793442328174, 68.7888645679166]",0.3391885878192441,0.26587882816101555,-1.0
58.60 \scriptsize $\pm$ 14.21,75.47 \scriptsize $\pm$ 3.63,67.03 \scriptsize $\pm$ 8.82,baseline,masakha_unseen_ner,"[42, 66, 17, 23]","[76.72328208639362, 68.06892776786496, 68.0311279628938, 55.31136895952345]",0.32917640135577,0.09707573859631301,0.9969860867900664
82.53 \scriptsize $\pm$ 1.19,82.42 \scriptsize $\pm$ 2.93,82.47 \scriptsize $\pm$ 0.98,least_family_en_10,masakha_unseen_ner,"[42, 66, 17, 23]","[82.49533175650441, 82.45435207085586, 81.27047831629713, 83.66555666210216]",0.09349308885549318,0.018870204848378657,0.027953829677241828
66.51 \scriptsize $\pm$ 11.94,81.14 \scriptsize $\pm$ 3.41,73.82 \scriptsize $\pm$ 7.62,least_family_en_20,masakha_unseen_ner,"[42, 66, 17, 23]","[83.70517909917885, 67.71386030310155, 67.94641086997616, 75.9336126787188]",0.9828146588523727,0.9633359380923716,0.4279838702228323
67.98 \scriptsize $\pm$ 13.45,82.93 \scriptsize $\pm$ 2.16,75.46 \scriptsize $\pm$ 6.44,least_family_en_5,masakha_unseen_ner,"[42, 66, 17, 23]","[73.72390394253335, 75.35342925709227, 84.11182056885717, 68.63190928853663]",0.7444280424181848,0.6975772317071446,0.15473848914125002
86.17 \scriptsize $\pm$ 3.11,83.49 \scriptsize $\pm$ 2.04,84.83 \scriptsize $\pm$ 2.32,least_same_script_10,masakha_unseen_ner,"[42, 66, 17, 23]","[82.97525456335211, 88.19085104960556, 84.47859178112509, 83.67104184820946]",0.09357691233649824,0.014327019965497742,0.009912224090370365
76.92 \scriptsize $\pm$ 7.88,79.99 \scriptsize $\pm$ 3.22,78.46 \scriptsize $\pm$ 3.67,least_same_script_20,masakha_unseen_ner,"[42, 66, 17, 23]","[83.11496039485272, 75.18530333208847, 79.63650952552204, 75.89535037184577]",0.2177211995741568,0.035405517122376114,0.12816326307522427
60.97 \scriptsize $\pm$ 16.47,81.17 \scriptsize $\pm$ 1.21,71.07 \scriptsize $\pm$ 8.19,least_same_script_5,masakha_unseen_ner,"[42, 66, 17, 23]","[72.41764440433212, 75.95842641004006, 76.77313863876324, 59.115771286037685]",0.6725038982006827,0.4663156588962569,0.5079738464331676
86.16 \scriptsize $\pm$ 2.10,83.29 \scriptsize $\pm$ 3.45,84.72 \scriptsize $\pm$ 2.14,least_uriel_en_10,masakha_unseen_ner,"[42, 66, 17, 23]","[84.05778997284351, 84.23424525452877, 82.81279968970588, 87.78545588567529]",0.054610007054757284,0.02061984498001023,0.019327598808251797
68.18 \scriptsize $\pm$ 8.71,83.12 \scriptsize $\pm$ 2.38,75.65 \scriptsize $\pm$ 4.29,least_uriel_en_20,masakha_unseen_ner,"[42, 66, 17, 23]","[80.84143648191949, 74.12334709600674, 70.71283213687981, 76.92317223858988]",0.6938434185702671,0.43772203668136916,0.22405506076661044
61.06 \scriptsize $\pm$ 5.33,76.34 \scriptsize $\pm$ 7.82,68.70 \scriptsize $\pm$ 4.21,least_uriel_en_40,masakha_unseen_ner,"[42, 66, 17, 23]","[71.48684563905371, 72.14321220105953, 62.93292195157937, 68.23401933459664]",0.3841137061349678,0.07052626272072353,0.7467564015703819
72.54 \scriptsize $\pm$ 7.29,83.51 \scriptsize $\pm$ 2.36,78.02 \scriptsize $\pm$ 4.38,least_uriel_en_5,masakha_unseen_ner,"[42, 66, 17, 23]","[77.05720413710112, 81.4797409758819, 72.2159172118714, 81.34512266530191]",0.4799911208805575,0.2696566463442915,0.06702345265704948
68.90 \scriptsize $\pm$ 10.11,80.09 \scriptsize $\pm$ 4.24,74.50 \scriptsize $\pm$ 6.39,most_distinct_script_10,masakha_unseen_ner,"[42, 66, 17, 23]","[80.05302346570397, 65.2974348290155, 75.97116178172446, 76.67675525955434]",0.7373501140580644,0.8853075282113606,0.33835229141458567
72.21 \scriptsize $\pm$ 8.30,77.97 \scriptsize $\pm$ 4.98,75.09 \scriptsize $\pm$ 5.68,most_distinct_script_18,masakha_unseen_ner,"[42, 66, 17, 23]","[82.87521871585267, 75.12525012563916, 72.84857947079408, 69.50974654319451]",0.820672448836864,0.43538003576768164,0.28794315097587875
77.86 \scriptsize $\pm$ 5.35,81.70 \scriptsize $\pm$ 2.72,79.78 \scriptsize $\pm$ 3.48,most_distinct_script_5,masakha_unseen_ner,"[42, 66, 17, 23]","[74.7249035806004, 80.70120763424947, 81.02943702136096, 82.65939313987211]",0.2311159610724607,0.18085507565306908,0.013097223116642203
66.46 \scriptsize $\pm$ 5.99,77.61 \scriptsize $\pm$ 2.53,72.03 \scriptsize $\pm$ 2.24,most_family_en_10,masakha_unseen_ner,"[42, 66, 17, 23]","[69.08747654351725, 73.04318182866048, 74.33053642152049, 71.67770187559648]",0.6462615810268548,0.4888763058321201,0.17912983939110946
64.02 \scriptsize $\pm$ 9.02,79.22 \scriptsize $\pm$ 3.55,71.62 \scriptsize $\pm$ 5.10,most_family_en_20,masakha_unseen_ner,"[42, 66, 17, 23]","[68.9236370457972, 68.69683965678612, 69.62095447713367, 79.24869519712666]",0.5548404490397991,0.5876553679031657,0.3537992943219868
68.19 \scriptsize $\pm$ 4.25,81.29 \scriptsize $\pm$ 1.85,74.74 \scriptsize $\pm$ 3.03,most_family_en_25,masakha_unseen_ner,"[42, 66, 17, 23]","[77.14895961565948, 77.35272988505747, 71.17203457036022, 73.28287740155193]",0.8713987832817074,0.5994807112415713,0.18476141461810375
61.53 \scriptsize $\pm$ 7.58,77.76 \scriptsize $\pm$ 3.43,69.64 \scriptsize $\pm$ 5.08,most_family_en_5,masakha_unseen_ner,"[42, 66, 17, 23]","[63.48943709052013, 75.90829466183474, 70.05752601537178, 69.12082710900867]",0.4949681173302152,0.315592560943092,0.2136380953215769
61.03 \scriptsize $\pm$ 12.89,77.30 \scriptsize $\pm$ 4.91,69.16 \scriptsize $\pm$ 8.63,most_same_script_10,masakha_unseen_ner,"[42, 66, 17, 23]","[67.48538724520611, 70.26517928360329, 58.974519459083126, 79.92316272920499]",0.4864044261429326,0.42106194321063645,0.7205521980674896
71.06 \scriptsize $\pm$ 13.91,83.02 \scriptsize $\pm$ 2.48,77.04 \scriptsize $\pm$ 7.32,most_same_script_20,masakha_unseen_ner,"[42, 66, 17, 23]","[72.00909817604234, 80.74201442199077, 85.46924059781179, 69.92632243845988]",0.6043656147185705,0.5109530671677405,0.06865162209903714
69.63 \scriptsize $\pm$ 18.98,81.21 \scriptsize $\pm$ 3.28,75.42 \scriptsize $\pm$ 8.60,most_same_script_41,masakha_unseen_ner,"[42, 66, 17, 23]","[72.41575549469549, 82.9314292663135, 81.7133894444675, 64.614593274963]",0.8354610925240121,0.7567507913037319,0.15412836091733034
67.37 \scriptsize $\pm$ 12.45,75.81 \scriptsize $\pm$ 1.59,71.59 \scriptsize $\pm$ 6.99,most_same_script_5,masakha_unseen_ner,"[42, 66, 17, 23]","[77.81537010526026, 77.12532014929158, 63.707645775988865, 67.72730887865333]",0.7379127565177908,0.4204120328263582,0.5036707238915749
76.40 \scriptsize $\pm$ 7.58,80.24 \scriptsize $\pm$ 3.70,78.32 \scriptsize $\pm$ 2.96,most_uriel_en_10,masakha_unseen_ner,"[42, 66, 17, 23]","[74.90924012522419, 77.29663604068404, 81.90198360005718, 79.16461062238636]",0.2529808021522269,0.23192109936268743,0.03572237162016792
70.99 \scriptsize $\pm$ 8.66,80.33 \scriptsize $\pm$ 2.80,75.66 \scriptsize $\pm$ 5.33,most_uriel_en_20,masakha_unseen_ner,"[42, 66, 17, 23]","[80.19531700254967, 80.0890035202014, 72.73150885698345, 69.61544335634028]",0.7739865030942867,0.35422574585173283,0.20135008024664033
64.94 \scriptsize $\pm$ 11.47,78.15 \scriptsize $\pm$ 2.31,71.54 \scriptsize $\pm$ 5.72,most_uriel_en_40,masakha_unseen_ner,"[42, 66, 17, 23]","[65.5645332793892, 70.42456377858002, 79.32690844710015, 70.85219073175006]",0.5623948450291779,0.5849817903981572,0.2398398092576989
64.00 \scriptsize $\pm$ 17.12,75.66 \scriptsize $\pm$ 4.96,69.83 \scriptsize $\pm$ 10.38,most_uriel_en_5,masakha_unseen_ner,"[42, 66, 17, 23]","[62.99969368254101, 77.95915488655592, 79.42722813533067, 58.9381993720348]",0.608856791929322,0.5000923468520158,0.5631435908205771
56.21 \scriptsize $\pm$ 11.23,79.72 \scriptsize $\pm$ 3.88,67.97 \scriptsize $\pm$ 4.55,random_langs_with_seed_10,masakha_unseen_ner,"[42, 66, 17, 23]","[74.51635124325122, 67.50627619403295, 65.45571133656998, 64.38850044492395]",0.2571990350446106,0.004927009863149277,0.8798497095543453
68.84 \scriptsize $\pm$ 9.22,81.48 \scriptsize $\pm$ 3.53,75.16 \scriptsize $\pm$ 4.85,random_langs_with_seed_20,masakha_unseen_ner,"[42, 66, 17, 23]","[76.71080029830651, 69.56030333208847, 73.39741794265322, 80.9683867703132]",0.6573689641843921,0.743355072475399,0.22288030383605456
63.50 \scriptsize $\pm$ 10.56,79.13 \scriptsize $\pm$ 4.98,71.32 \scriptsize $\pm$ 3.94,random_langs_with_seed_40,masakha_unseen_ner,"[42, 66, 17, 23]","[76.36726224232449, 71.39950770202543, 70.73331045317694, 66.76034419362722]",0.5731126632169125,0.007008853947844678,0.4825936826232785
54.84 \scriptsize $\pm$ 10.48,76.34 \scriptsize $\pm$ 10.37,65.59 \scriptsize $\pm$ 9.90,random_langs_with_seed_5,masakha_unseen_ner,"[42, 66, 17, 23]","[72.73600276175591, 55.55340297661037, 58.737413032352656, 75.34254677464718]",0.14650894214150367,0.20363117420931995,0.8702747676212408
69.24 \scriptsize $\pm$ 9.32,78.60 \scriptsize $\pm$ 4.66,73.92 \scriptsize $\pm$ 6.86,xt_afri,masakha_unseen_ner,"[66, 17, 23, 42]","[63.85507870312738, 79.14127372735614, 76.96716178864038, 75.72207785246968]",-1.0,0.9880973155237274,0.3391885878192441
66.75 \scriptsize $\pm$ 7.64,81.22 \scriptsize $\pm$ 1.61,73.99 \scriptsize $\pm$ 3.25,xt_only,masakha_unseen_ner,"[42, 66, 17, 23]","[78.28038046760815, 74.19772201243943, 72.95815063787802, 70.5093874918738]",0.9880973155237274,-1.0,0.26587882816101555
